{
  "meta": {
    "timestamp": "2026-04-06T04:48:50.158854+00:00",
    "hifi": "spectral",
    "test_frac": 0.3,
    "n_hifi_train": 73,
    "n_hifi_test": 31,
    "seed": 42,
    "lf_sources": [
      "mixbox",
      "km",
      "ryb",
      "study_a",
      "study_b",
      "study_c"
    ]
  },
  "verdicts": {
    "Ridge": "DEGRADES  (concat hurts)",
    "RandomForest": "DEGRADES  (concat hurts)",
    "GradientBoosting": "DEGRADES  (concat hurts)"
  },
  "results": {
    "Ridge": {
      "spectral_only": {
        "mixbox": {
          "mae": 2.785967427230763,
          "tau": -0.14408602150537636,
          "n_train": 73
        },
        "km": {
          "mae": 2.785967427230763,
          "tau": -0.14408602150537636,
          "n_train": 73
        },
        "ryb": {
          "mae": 2.785967427230763,
          "tau": -0.14408602150537636,
          "n_train": 73
        },
        "study_a": {
          "mae": 2.785967427230763,
          "tau": -0.14408602150537636,
          "n_train": 73
        },
        "study_b": {
          "mae": 2.785967427230763,
          "tau": -0.14408602150537636,
          "n_train": 73
        },
        "study_c": {
          "mae": 2.785967427230763,
          "tau": -0.14408602150537636,
          "n_train": 73
        }
      },
      "concat": {
        "mixbox": {
          "mae": 7.580121366296124,
          "tau": 0.15268817204301077,
          "n_train": 177
        },
        "km": {
          "mae": 6.820823575896251,
          "tau": 0.15268817204301077,
          "n_train": 177
        },
        "ryb": {
          "mae": 8.778201080957437,
          "tau": 0.10967741935483873,
          "n_train": 177
        },
        "study_a": {
          "mae": 9.346439109933053,
          "tau": 0.049462365591397855,
          "n_train": 173
        },
        "study_b": {
          "mae": 2.6855798540900326,
          "tau": -0.19569892473118283,
          "n_train": 173
        },
        "study_c": {
          "mae": 9.010236260291144,
          "tau": -0.12688172043010754,
          "n_train": 173
        }
      },
      "weighted": {
        "mixbox": {
          "mae": 6.074323106287257,
          "tau": -0.0924731182795699,
          "n_train": 146
        },
        "km": {
          "mae": 6.353274440606271,
          "tau": 0.006451612903225807,
          "n_train": 146
        },
        "ryb": {
          "mae": 7.753679570366488,
          "tau": 0.23010752688172043,
          "n_train": 146
        },
        "study_a": {
          "mae": 9.414719127371596,
          "tau": 0.01935483870967742,
          "n_train": 146
        },
        "study_b": {
          "mae": 2.638995313361326,
          "tau": -0.023655913978494626,
          "n_train": 146
        },
        "study_c": {
          "mae": 8.802594163008195,
          "tau": -0.07526881720430108,
          "n_train": 146
        }
      },
      "lf_only": {
        "mixbox": {
          "mae": 12.445479570287405,
          "tau": 0.12258064516129034,
          "n_train": 104
        },
        "km": {
          "mae": 11.195309791597932,
          "tau": -0.25591397849462366,
          "n_train": 104
        },
        "ryb": {
          "mae": 14.376483804685607,
          "tau": 0.21720430107526886,
          "n_train": 104
        },
        "study_a": {
          "mae": 13.946370079302744,
          "tau": 0.22150537634408607,
          "n_train": 100
        },
        "study_b": {
          "mae": 2.8144167272980245,
          "tau": -0.12688172043010754,
          "n_train": 100
        },
        "study_c": {
          "mae": 19.45302239955948,
          "tau": -0.006451612903225807,
          "n_train": 100
        }
      }
    },
    "RandomForest": {
      "spectral_only": {
        "mixbox": {
          "mae": 3.3294753250016895,
          "tau": -0.03225806451612904,
          "n_train": 73
        },
        "km": {
          "mae": 3.3294753250016895,
          "tau": -0.03225806451612904,
          "n_train": 73
        },
        "ryb": {
          "mae": 3.3294753250016895,
          "tau": -0.03225806451612904,
          "n_train": 73
        },
        "study_a": {
          "mae": 3.3294753250016895,
          "tau": -0.03225806451612904,
          "n_train": 73
        },
        "study_b": {
          "mae": 3.3294753250016895,
          "tau": -0.03225806451612904,
          "n_train": 73
        },
        "study_c": {
          "mae": 3.3294753250016895,
          "tau": -0.03225806451612904,
          "n_train": 73
        }
      },
      "concat": {
        "mixbox": {
          "mae": 10.913027949231715,
          "tau": 0.24301075268817204,
          "n_train": 177
        },
        "km": {
          "mae": 12.09061034218135,
          "tau": 0.07096774193548387,
          "n_train": 177
        },
        "ryb": {
          "mae": 12.070832518617083,
          "tau": 0.006451612903225807,
          "n_train": 177
        },
        "study_a": {
          "mae": 3.1319117555484186,
          "tau": -0.0881720430107527,
          "n_train": 173
        },
        "study_b": {
          "mae": 2.1028460512504155,
          "tau": 0.015053763440860218,
          "n_train": 173
        },
        "study_c": {
          "mae": 4.286521960695207,
          "tau": -0.12688172043010754,
          "n_train": 173
        }
      },
      "weighted": {
        "mixbox": {
          "mae": 9.524988548870526,
          "tau": 0.15268817204301077,
          "n_train": 146
        },
        "km": {
          "mae": 10.741188954576193,
          "tau": 0.1741935483870968,
          "n_train": 146
        },
        "ryb": {
          "mae": 10.30340477809337,
          "tau": 0.006451612903225807,
          "n_train": 146
        },
        "study_a": {
          "mae": 3.4387710925840294,
          "tau": -0.01935483870967742,
          "n_train": 146
        },
        "study_b": {
          "mae": 2.178488754556899,
          "tau": 0.023655913978494626,
          "n_train": 146
        },
        "study_c": {
          "mae": 4.670405612403445,
          "tau": -0.05806451612903227,
          "n_train": 146
        }
      },
      "lf_only": {
        "mixbox": {
          "mae": 12.80196191588489,
          "tau": 0.20430107526881724,
          "n_train": 104
        },
        "km": {
          "mae": 13.880126765117856,
          "tau": 0.1698924731182796,
          "n_train": 104
        },
        "ryb": {
          "mae": 14.187564471478295,
          "tau": 0.18279569892473121,
          "n_train": 104
        },
        "study_a": {
          "mae": 6.009071710705192,
          "tau": -0.14408602150537636,
          "n_train": 100
        },
        "study_b": {
          "mae": 5.174890420553331,
          "tau": -0.3419354838709678,
          "n_train": 100
        },
        "study_c": {
          "mae": 15.037187940770961,
          "tau": -0.11397849462365593,
          "n_train": 100
        }
      }
    },
    "GradientBoosting": {
      "spectral_only": {
        "mixbox": {
          "mae": 3.1639951583935404,
          "tau": 0.2774193548387097,
          "n_train": 73
        },
        "km": {
          "mae": 3.1639951583935404,
          "tau": 0.2774193548387097,
          "n_train": 73
        },
        "ryb": {
          "mae": 3.1639951583935404,
          "tau": 0.2774193548387097,
          "n_train": 73
        },
        "study_a": {
          "mae": 3.1639951583935404,
          "tau": 0.2774193548387097,
          "n_train": 73
        },
        "study_b": {
          "mae": 3.1639951583935404,
          "tau": 0.2774193548387097,
          "n_train": 73
        },
        "study_c": {
          "mae": 3.1639951583935404,
          "tau": 0.2774193548387097,
          "n_train": 73
        }
      },
      "concat": {
        "mixbox": {
          "mae": 12.510847947931259,
          "tau": 0.04516129032258065,
          "n_train": 177
        },