{
  "studies": [
    "spectral",
    "mixbox",
    "km",
    "ryb",
    "study_a",
    "study_b",
    "study_c"
  ],
  "hifi": "spectral",
  "flip_eps": 0.02,
  "external_ceilings": {
    "spectral": 1.0,
    "mixbox": 0.7777777777777778,
    "km": 0.7222222222222222,
    "ryb": 0.8333333333333334,
    "study_a": 0.9444444444444445,
    "study_b": 0.8888888888888888,
    "study_c": 0.8888888888888888
  },
  "external_gap_matrix": [
    [
      0.0,
      0.2222222222222222,
      0.2777777777777778,
      0.16666666666666663,
      0.05555555555555547,
      0.11111111111111116,
      0.11111111111111116
    ],
    [
      -0.2222222222222222,
      0.0,
      0.05555555555555558,
      -0.05555555555555558,
      -0.16666666666666674,
      -0.11111111111111105,
      -0.11111111111111105
    ],
    [
      -0.2777777777777778,
      -0.05555555555555558,
      0.0,
      -0.11111111111111116,
      -0.22222222222222232,
      -0.16666666666666663,
      -0.16666666666666663
    ],
    [
      -0.16666666666666663,
      0.05555555555555558,
      0.11111111111111116,
      0.0,
      -0.11111111111111116,
      -0.05555555555555547,
      -0.05555555555555547
    ],
    [
      -0.05555555555555547,
      0.16666666666666674,
      0.22222222222222232,
      0.11111111111111116,
      0.0,
      0.05555555555555569,
      0.05555555555555569
    ],
    [
      -0.11111111111111116,
      0.11111111111111105,
      0.16666666666666663,
      0.05555555555555547,
      -0.05555555555555569,
      0.0,
      0.0
    ],
    [
      -0.11111111111111116,
      0.11111111111111105,
      0.16666666666666663,
      0.05555555555555547,
      -0.05555555555555569,
      0.0,
      0.0
    ]
  ],
  "external_centrality": {
    "spectral": 1.0,
    "mixbox": 0.7777777777777778,
    "km": 0.7222222222222222,
    "ryb": 0.8333333333333334,
    "study_a": 0.9444444444444445,
    "study_b": 0.8888888888888888,
    "study_c": 0.8888888888888888
  },
  "mutual_centrality_N1": {
    "spectral": 0.25830246913580246,
    "mixbox": 0.13660493827160494,
    "km": -0.10722222222222226,
    "ryb": 0.05333333333333335,
    "study_a": -0.2654320987654321,
    "study_b": 0.23367283950617282,
    "study_c": -0.30925925925925934
  },
  "mutual_flip_n": {
    "spectral_mixbox": 1,
    "spectral_km": 1,
    "spectral_ryb": 1,
    "spectral_study_a": 1,
    "spectral_study_b": 3,
    "spectral_study_c": 1,
    "mixbox_spectral": 5,
    "mixbox_km": 1,
    "mixbox_ryb": 1,
    "mixbox_study_a": 1,
    "mixbox_study_b": 5,
    "mixbox_study_c": 1,
    "km_spectral": 104,
    "km_mixbox": 104,
    "km_ryb": 104,
    "km_study_a": 1,
    "km_study_b": 104,
    "km_study_c": 1,
    "ryb_spectral": 104,
    "ryb_mixbox": 10,
    "ryb_km": 1,
    "ryb_study_a": 1,
    "ryb_study_b": 104,
    "ryb_study_c": 1,
    "study_a_spectral": 100,
    "study_a_mixbox": 100,
    "study_a_km": 5,
    "study_a_ryb": 100,
    "study_a_study_b": 100,
    "study_a_study_c": 1,
    "study_b_spectral": 3,
    "study_b_mixbox": 1,
    "study_b_km": 1,
    "study_b_ryb": 1,
    "study_b_study_a": 1,
    "study_b_study_c": 1,
    "study_c_spectral": 100,
    "study_c_mixbox": 100,
    "study_c_km": 10,
    "study_c_ryb": 100,
    "study_c_study_a": 5,
    "study_c_study_b": 100
  },
  "n_cycles": 0,
  "pegki_interpretation": {
    "directionality_note": "Asymmetry is explained by coverage mismatch, calibration basis, and rank-geometry mismatch (PEGKi Conjecture 4.2.1).",
    "impossible_flips_note": "PERMANENT_GAP pairs represent irreducible knowledge across fidelities (PEGKi Conjecture 4.2.2). These are physics-limited, not sampling-limited.",
    "cycles_note": "0 3-cycles detected. Cycles are Blade-Chest intransitivity candidates and should be analysed with the intransitivity pipeline."
  }
}