{
  "meta": {
    "timestamp": "2026-04-06T04:49:49.245482+00:00",
    "n_bootstrap": 200,
    "seed": 42,
    "domains": [
      "color_mixing",
      "polymer_hardness",
      "jarvis_leaderboard",
      "materials_project"
    ]
  },
  "domain_results": {
    "color_mixing": {
      "domain": "color_mixing",
      "study_names": [
        "spectral",
        "mixbox",
        "km",
        "ryb",
        "study_a",
        "study_b",
        "study_c"
      ],
      "common_policies": [
        "bayesian_ei",
        "bayesian_ucb",
        "evolutionary_strategy",
        "grid_search",
        "neural_network",
        "random_forest",
        "simulated_annealing",
        "thompson_sampling",
        "ucb1_bandit"
      ],
      "n_common": 9,
      "ceiling_matrix": [
        [
          1.0,
          0.7777777777777778,
          0.7222222222222222,
          0.8333333333333334,
          0.9444444444444445,
          0.8888888888888888,
          0.8888888888888888
        ],
        [
          0.7777777777777778,
          1.0,
          0.9444444444444445,
          0.9444444444444445,
          0.7222222222222222,
          0.7777777777777778,
          0.6666666666666666
        ],
        [
          0.7222222222222222,
          0.9444444444444445,
          1.0,
          0.8888888888888888,
          0.6666666666666666,
          0.7222222222222222,
          0.611111111111111
        ],
        [
          0.8333333333333334,
          0.9444444444444445,
          0.8888888888888888,
          1.0,
          0.7777777777777778,
          0.8333333333333334,
          0.7222222222222222
        ],
        [
          0.9444444444444445,
          0.7222222222222222,
          0.6666666666666666,
          0.7777777777777778,
          1.0,
          0.9444444444444445,
          0.9444444444444445
        ],
        [
          0.8888888888888888,
          0.7777777777777778,
          0.7222222222222222,
          0.8333333333333334,
          0.9444444444444445,
          1.0,
          0.8888888888888888
        ],
        [
          0.8888888888888888,
          0.6666666666666666,
          0.611111111111111,
          0.7222222222222222,
          0.9444444444444445,
          0.8888888888888888,
          1.0
        ]
      ],
      "tau_n1_matrix": [
        [
          1.0,
          0.6080555555555556,
          0.576111111111111,
          0.6430555555555556,
          0.6630555555555556,
          0.6508333333333333,
          0.6525
        ],
        [
          0.5505555555555556,
          1.0,
          0.5375,
          0.5566666666666666,
          0.4963888888888889,
          0.5077777777777777,
          0.4808333333333333
        ],
        [
          0.26666666666666666,
          0.3275,
          1.0,
          0.3236111111111111,
          0.27305555555555555,
          0.2777777777777778,
          0.2519444444444444
        ],
        [
          0.4325,
          0.4691666666666666,
          0.4455555555555556,
          1.0,
          0.43166666666666664,
          0.4455555555555556,
          0.39944444444444444
        ],
        [
          0.20555555555555557,
          0.1775,
          0.17694444444444443,
          0.17305555555555557,
          1.0,
          0.20472222222222222,
          0.17166666666666663
        ],
        [
          0.6458333333333333,
          0.5558333333333333,
          0.5322222222222222,
          0.5952777777777777,
          0.6430555555555554,
          1.0,
          0.6519444444444444
        ],
        [
          0.15138888888888888,
          0.10944444444444443,
          0.11333333333333333,
          0.1086111111111111,
          0.16,
          0.15222222222222223,
          1.0
        ]
      ],
      "asymmetry_matrix": [
        [
          0.0,
          0.057499999999999996,
          0.30944444444444436,
          0.2105555555555556,
          0.4575,
          0.0050000000000000044,
          0.5011111111111111
        ],
        [
          -0.057499999999999996,
          0.0,
          0.20999999999999996,
          0.08750000000000002,
          0.3188888888888889,
          -0.04805555555555563,
          0.3713888888888889
        ],
        [
          -0.30944444444444436,
          -0.20999999999999996,
          0.0,
          -0.12194444444444447,
          0.09611111111111112,
          -0.25444444444444436,
          0.13861111111111107
        ],
        [
          -0.2105555555555556,
          -0.08750000000000002,
          0.12194444444444447,
          0.0,
          0.25861111111111107,
          -0.1497222222222221,
          0.29083333333333333
        ],
        [
          -0.4575,
          -0.3188888888888889,
          -0.09611111111111112,
          -0.25861111111111107,
          0.0,
          -0.43833333333333313,
          0.01166666666666663
        ],
        [
          -0.0050000000000000044,
          0.04805555555555563,
          0.25444444444444436,
          0.1497222222222221,
          0.43833333333333313,
          0.0,
          0.4997222222222222
        ],
        [
          -0.5011111111111111,
          -0.3713888888888889,
          -0.13861111111111107,
          -0.29083333333333333,
          -0.01166666666666663,
          -0.4997222222222222,
          0.0
        ]
      ],
      "donor_scores": {
        "spectral": 0.25685185185185183,
        "mixbox": 0.14703703703703702,
        "km": -0.11018518518518516,
        "ryb": 0.03726851851851853,
        "study_a": -0.2596296296296296,
        "study_b": 0.23087962962962957,
        "study_c": -0.3022222222222222
      },
      "external_ceilings": {
        "spectral": 1.0,
        "mixbox": 0.7777777777777778,
        "km": 0.7222222222222222,
        "ryb": 0.8333333333333334,
        "study_a": 0.9444444444444445,
        "study_b": 0.8888888888888888,
        "study_c": 0.8888888888888888
      },
      "mean_ceiling": 0.8148148148148148,
      "hifi": "spectral"
    },
    "polymer_hardness": {
      "domain": "polymer_hardness",
      "study_names": [
        "shore_a",
        "shore_d",
        "rockwell_r"
      ],
      "common_policies": [
        "ABS",
        "HDPE",
        "LDPE",
        "Nylon66",
        "PC",
        "PC_ABS",
        "PP",
        "PTFE",
        "PVC_rigid",
        "PVC_soft"
      ],
      "n_common": 10,
      "ceiling_matrix": [
        [
          1.0,
          0.4222222222222222,
          0.4666666666666666
        ],
        [
          0.4222222222222222,
          1.0,
          0.8666666666666666
        ],
        [
          0.4666666666666666,
          0.8666666666666666,
          1.0
        ]
      ],
      "tau_n1_matrix": [
        [
          1.0,
          -0.5999999999999999,
          -0.6444444444444443
        ],
        [
          -0.4222222222222222,
          1.0,
          -0.8666666666666666
        ],
        [
          -0.46666666666666673,
          -0.8666666666666666,
          1.0
        ]
      ],
      "asymmetry_matrix": [
        [
          0.0,
          -0.17777777777777765,
          -0.17777777777777753
        ],
        [
          0.17777777777777765,
          0.0,
          0.0
        ],
        [
          0.17777777777777753,
          0.0,
          0.0
        ]
      ],
      "donor_scores": {
        "shore_a": -0.1777777777777776,
        "shore_d": 0.08888888888888882,
        "rockwell_r": 0.08888888888888877
      },
      "external_ceilings": {
        "shore_a": 0.4666666666666666,
        "shore_d": 0.8666666666666666,
        "rockwell_r": 1.0
      },
      "mean_ceiling": 0.5851851851851851,
      "hifi": "rockwell_r"
    },
    "jarvis_leaderboard": {
      "domain": "jarvis_leaderboard",
      "study_names": [
        "band_gap_opt",
        "form_energy",
        "bulk_modulus",
        "shear_modulus",
        "ehull",
        "exfol_energy",
        "band_gap_mbj"
      ],