{
  "hifi": "spectral",
  "lf_source": "mixbox",
  "lf_db": "output/db_mixbox",
  "r": 100.0,
  "rho": 0.988729,
  "opt_ratio": 66.042,
  "hifi_full_rank": [
    "bayesian_ucb",
    "bayesian_ei",
    "simulated_annealing",
    "grid_search",
    "evolutionary_strategy",
    "ucb1_bandit",
    "thompson_sampling",
    "random_forest",
    "neural_network"
  ],
  "n_bootstrap": 300,
  "oracle_alpha": {
    "bayesian_ei": -0.001248,
    "bayesian_ucb": 0.029054,
    "evolutionary_strategy": 0.302915,
    "grid_search": -0.077792,
    "neural_network": 0.798805,
    "random_forest": 0.352839,
    "simulated_annealing": -0.034506,
    "thompson_sampling": 0.474104,
    "ucb1_bandit": 0.314832
  },
  "true_mu_hf": {
    "bayesian_ei": 1.632958,
    "bayesian_ucb": 1.256683,
    "evolutionary_strategy": 9.536897,
    "grid_search": 6.879031,
    "neural_network": 46.076534,
    "random_forest": 14.569358,
    "simulated_annealing": 3.325821,
    "thompson_sampling": 12.984937,
    "ucb1_bandit": 11.95476
  },
  "branch_label": "classical",
  "classical": {
    "mode": "classical",
    "rho": 0.9887294830547046,
    "opt_ratio": 66.042,
    "budget": [
      1,
      2,
      3,
      5,
      8,
      10,
      15,
      20,
      30,
      50,
      100
    ],
    "n_hf": [
      0,
      1,
      1,
      3,
      4,
      6,
      9,
      12,
      18,
      30,
      60
    ],
    "n_lf": [
      0,
      100,
      200,
      200,
      400,
      400,
      600,
      800,
      1200,
      2000,
      4000
    ],
    "actual_cost": [
      0.0,
      2.0,
      3.0,
      5.0,
      8.0,
      10.0,
      15.0,
      20.0,
      30.0,
      50.0,
      100.0
    ],
    "tau_mean": [
      NaN,
      0.713704,
      0.707778,
      0.831852,
      0.858519,
      0.881667,
      0.897593,
      0.919074,
      0.930556,
      0.958704,
      0.979259
    ],
    "tau_std": [
      NaN,
      0.145895,
      0.154751,
      0.101013,
      0.088212,
      0.083267,
      0.067559,
      0.063216,
      0.062051,
      0.049195,
      0.038781
    ],
    "mu_hat_mean": {
      "bayesian_ei": [
        NaN,
        1.645393,
        1.817482,
        1.590002,
        1.561416,
        1.648211,
        1.587825,
        1.657432,
        1.618587,
        1.638933,
        1.639133
      ],
      "bayesian_ucb": [
        NaN,
        1.173601,
        1.431768,
        1.205062,
        1.20992,
        1.240579,
        1.270549,
        1.271286,
        1.269206,
        1.244884,
        1.270401
      ],
      "evolutionary_strategy": [
        NaN,
        9.284069,
        8.604578,
        9.620305,
        9.572978,
        9.866527,
        9.608429,
        9.504924,
        9.435126,
        9.398019,
        9.592821
      ],
      "grid_search": [
        NaN,
        6.847482,
        6.922369,
        6.934919,
        6.772769,
        6.858473,
        6.93438,
        6.894371,
        6.970583,
        6.856053,
        6.916718
      ],
      "neural_network": [
        NaN,
        46.326032,
        45.905411,
        46.335676,
        46.243904,
        46.287854,
        46.024452,
        46.165558,
        45.800904,
        45.98127,
        46.061567
      ],
      "random_forest": [
        NaN,
        15.187993,
        14.964293,
        14.645529,
        14.739074,
        14.983732,
        14.491023,
        14.622677,
        14.596304,
        14.546401,
        14.577736
      ],
      "simulated_annealing": [
        NaN,
        3.236869,
        3.454676,
        3.333735,
        3.265452,
        3.296919,
        3.37249,
        3.345177,
        3.338496,
        3.333951,
        3.350552
      ],
      "thompson_sampling": [
        NaN,
        12.620894,
        11.894323,
        12.82179,
        13.008516,
        13.020259,
        13.034636,
        12.98627,
        12.883929,
        12.979808,
        13.045106
      ],
      "ucb1_bandit": [
        NaN,
        11.393229,
        11.327196,
        12.015956,
        11.578678,
        12.039217,
        12.10793,
        11.85308,
        12.191336,
        11.989343,
        11.965639
      ]
    },
    "mu_hat_mse": {
      "bayesian_ei": [
        NaN,
        2.98416082,
        2.57093152,
        0.88790965,
        0.55094774,
        0.52512173,
        0.32042235,
        0.25514369,
        0.15877808,
        0.10008057,
        0.05499224
      ],
      "bayesian_ucb": [
        NaN,
        1.7196518,
        2.06767236,
        0.53974883,
        0.48305076,
        0.36795523,
        0.18369208,
        0.15117413,
        0.11389116,
        0.07467968,
        0.03200755
      ],
      "evolutionary_strategy": [
        NaN,
        55.99719784,
        47.1327948,
        18.32760099,
        12.3830386,
        9.94362291,
        6.06342291,
        3.91109269,
        2.97534204,
        2.06740017,
        0.91377086
      ],
      "grid_search": [
        NaN,
        15.71767107,
        13.7043906,
        5.84548263,
        3.53426874,
        2.38392385,
        1.89826401,
        1.04941514,
        0.95715455,
        0.49309973,
        0.30579673
      ],
      "neural_network": [
        NaN,
        155.46206308,
        149.06733877,
        49.30957397,
        39.04878475,
        23.65968534,
        16.42133076,
        11.96427721,
        8.99326849,
        5.2130781,
        2.11420028
      ],
      "random_forest": [
        NaN,
        63.7908495,
        56.48607654,
        19.79362856,
        14.50398465,
        9.55751441,
        6.06250835,
        5.61909679,
        3.19764755,
        2.4480347,
        1.21765458
      ],
      "simulated_annealing": [
        NaN,
        4.76337943,
        4.93632806,
        1.74240753,
        1.02423778,
        0.88448872,
        0.58780342,
        0.44747855,
        0.29627376,
        0.1690667,
        0.0909274
      ],
      "thompson_sampling": [
        NaN,
        28.15253978,
        24.50497296,
        7.93218253,
        5.82349004,
        4.53754143,
        2.74496838,
        2.068161,
        1.26930154,
        0.81819223,
        0.401804
      ],
      "ucb1_bandit": [
        NaN,
        54.86049835,
        54.11469553,
        22.82162254,
        15.06708114,
        9.80726518,
        7.26832959,
        4.32702997,
        3.3955136,
        1.67778991,
        0.99501404
      ]
    },
    "true_mu_hf": {
      "bayesian_ei": 1.632958,
      "bayesian_ucb": 1.256683,
      "evolutionary_strategy": 9.536897,
      "grid_search": 6.879031,
      "neural_network": 46.076534,
      "random_forest": 14.569358,
      "simulated_annealing": 3.325821,
      "thompson_sampling": 12.984937,
      "ucb1_bandit": 11.95476
    }
  },
  "hybrid": {
    "mode": "hybrid",
    "rho": 0.9887294830547046,
    "opt_ratio": 66.042,
    "budget": [
      1,
      2,
      3,
      5,
      8,
      10,
      15,
      20,
      30,
      50,
      100
    ],
    "n_hf": [
      0,
      1,
      1,
      3,
      4,
      6,
      9,
      12,
      18,
      30,
      60
    ],
    "n_lf": [
      0,
      100,
      200,
      200,
      400,
      400,
      600,
      800,
      1200,
      2000,
      4000
    ],
    "actual_cost": [
      0.0,
      2.0,
      3.0,
      5.0,
      8.0,
      10.0,
      15.0,
      20.0,
      30.0,
      50.0,
      100.0
    ],
    "tau_mean": [
      NaN,
      0.788148,
      0.792222,
      0.837222,
      0.855926,
      0.87,
      0.882222,
      0.892037,
      0.895926,
      0.90037,
      0.897407
    ],
    "tau_std": [
      NaN,
      0.101812,
      0.098116,
      0.074503,
      0.070008,
      0.061807,
      0.057169,
      0.051324,
      0.045721,
      0.041473,
      0.031254
    ]
  },