{
  "per_study_stats": {
    "study_a (mixbox+RYB, K_H_OVERLAP)": {
      "mean": [
        0.7414991870475796,
        0.4979113135464265,
        0.47469993488388695
      ],
      "std": [
        0.24009332346305648,
        0.2575178909672769,
        0.29126625094611197
      ],
      "n": 900
    },
    "study_b (spectral-RYB, K_T)": {
      "mean": [
        0.6364196289693382,
        0.7268776345402358,
        0.6843264030826014
      ],
      "std": [
        0.3176104725265673,
        0.1156392721220223,
        0.0950539944844942
      ],
      "n": 900
    },
    "study_c (KM-mixbox, K_E)": {
      "mean": [
        0.6410282178927013,
        0.6035292592310213,
        0.3192709890715559
      ],
      "std": [
        0.10119271373430805,
        0.10292461588641748,
        0.16598034864865713
      ],
      "n": 900
    },
    "spectral (K_H)": {
      "mean": [
        0.7120799926509419,
        0.7936651671797937,
        0.7116020070141086
      ],
      "std": [
        0.327678246584282,
        0.1231270363031918,
        0.14004022693562354
      ],
      "n": 936
    },
    "mixbox (K_E)": {
      "mean": [
        0.7120799926509419,
        0.7936651671797937,
        0.7116020070141086
      ],
      "std": [
        0.327678246584282,
        0.1231270363031918,
        0.14004022693562354
      ],
      "n": 936
    },
    "km (K_E)": {
      "mean": [
        0.7120799926509419,
        0.7936651671797937,
        0.7116020070141086
      ],
      "std": [
        0.327678246584282,
        0.1231270363031918,
        0.14004022693562354
      ],
      "n": 936
    },
    "ryb (K_T)": {
      "mean": [
        0.7120799926509419,
        0.7936651671797937,
        0.7116020070141086
      ],
      "std": [
        0.327678246584282,
        0.1231270363031918,
        0.14004022693562354
      ],
      "n": 936
    }
  },
  "wasserstein_matrix": {
    "study_a (mixbox+RYB, K_H_OVERLAP)": {
      "study_a (mixbox+RYB, K_H_OVERLAP)": 0.0,
      "study_b (spectral-RYB, K_T)": 0.19371193820888433,
      "study_c (KM-mixbox, K_E)": 0.17107366160746348,
      "spectral (K_H)": 0.21242173645550078,
      "mixbox (K_E)": 0.21242173645550078,
      "km (K_E)": 0.21242173645550078,
      "ryb (K_T)": 0.21242173645550078
    },
    "study_b (spectral-RYB, K_T)": {
      "study_a (mixbox+RYB, K_H_OVERLAP)": 0.19371193820888433,
      "study_b (spectral-RYB, K_T)": 0.0,
      "study_c (KM-mixbox, K_E)": 0.22885079988585402,
      "spectral (K_H)": 0.06072747356184841,
      "mixbox (K_E)": 0.06072747356184841,
      "km (K_E)": 0.06072747356184841,
      "ryb (K_T)": 0.06072747356184841
    },
    "study_c (KM-mixbox, K_E)": {
      "study_a (mixbox+RYB, K_H_OVERLAP)": 0.17107366160746348,
      "study_b (spectral-RYB, K_T)": 0.22885079988585402,
      "study_c (KM-mixbox, K_E)": 0.0,
      "spectral (K_H)": 0.26206573835035313,
      "mixbox (K_E)": 0.26206573835035313,
      "km (K_E)": 0.26206573835035313,
      "ryb (K_T)": 0.26206573835035313
    },
    "spectral (K_H)": {
      "study_a (mixbox+RYB, K_H_OVERLAP)": 0.21242173645550078,
      "study_b (spectral-RYB, K_T)": 0.06072747356184841,
      "study_c (KM-mixbox, K_E)": 0.26206573835035313,
      "spectral (K_H)": 0.0,
      "mixbox (K_E)": 0.0,
      "km (K_E)": 0.0,
      "ryb (K_T)": 0.0
    },
    "mixbox (K_E)": {
      "study_a (mixbox+RYB, K_H_OVERLAP)": 0.21242173645550078,
      "study_b (spectral-RYB, K_T)": 0.06072747356184841,
      "study_c (KM-mixbox, K_E)": 0.26206573835035313,
      "spectral (K_H)": 0.0,
      "mixbox (K_E)": 0.0,
      "km (K_E)": 0.0,
      "ryb (K_T)": 0.0
    },
    "km (K_E)": {
      "study_a (mixbox+RYB, K_H_OVERLAP)": 0.21242173645550078,
      "study_b (spectral-RYB, K_T)": 0.06072747356184841,
      "study_c (KM-mixbox, K_E)": 0.26206573835035313,
      "spectral (K_H)": 0.0,
      "mixbox (K_E)": 0.0,
      "km (K_E)": 0.0,
      "ryb (K_T)": 0.0
    },
    "ryb (K_T)": {
      "study_a (mixbox+RYB, K_H_OVERLAP)": 0.21242173645550078,
      "study_b (spectral-RYB, K_T)": 0.06072747356184841,
      "study_c (KM-mixbox, K_E)": 0.26206573835035313,
      "spectral (K_H)": 0.0,
      "mixbox (K_E)": 0.0,
      "km (K_E)": 0.0,
      "ryb (K_T)": 0.0
    }
  },
  "set_op_symmetry_score": 0.8267130804936623
}