{
  "meta": {
    "timestamp": "2026-04-06T04:37:49.062355+00:00",
    "config": {
      "n_bootstrap": 300,
      "score_key": "best_color_distance_mean",
      "seed": 42,
      "n_values": [
        1,
        5,
        10
      ]
    },
    "common_policy_count": 9,
    "common_policies": [
      "bayesian_ei",
      "bayesian_ucb",
      "evolutionary_strategy",
      "grid_search",
      "neural_network",
      "random_forest",
      "simulated_annealing",
      "thompson_sampling",
      "ucb1_bandit"
    ],
    "studies_used": [
      "spectral",
      "mixbox",
      "km",
      "ryb",
      "study_a",
      "study_b",
      "study_c"
    ],
    "missing_studies": [],
    "max_n_per_study": {
      "spectral": 104,
      "mixbox": 104,
      "km": 104,
      "ryb": 104,
      "study_a": 100,
      "study_b": 100,
      "study_c": 100
    }
  },
  "studies": [
    "spectral",
    "mixbox",
    "km",
    "ryb",
    "study_a",
    "study_b",
    "study_c"
  ],
  "common_policies": [
    "bayesian_ei",
    "bayesian_ucb",
    "evolutionary_strategy",
    "grid_search",
    "neural_network",
    "random_forest",
    "simulated_annealing",
    "thompson_sampling",
    "ucb1_bandit"
  ],
  "n_bootstrap": 300,
  "n_values": [
    "1",
    "5",
    "10",
    "full"
  ],
  "matrices": {
    "1": [
      [
        1.0,
        0.6161111111111112,
        0.5794444444444444,
        0.642962962962963,
        0.6544444444444444,
        0.6492592592592592,
        0.6514814814814816
      ],
      [
        0.5074074074074074,
        1.0,
        0.5068518518518519,
        0.5462962962962963,
        0.5140740740740741,
        0.5022222222222222,
        0.4718518518518519
      ],
      [
        0.2885185185185185,
        0.29518518518518516,
        1.0,
        0.3025925925925926,
        0.27518518518518514,
        0.2670370370370371,
        0.28407407407407403
      ],
      [
        0.46259259259259256,
        0.47740740740740745,
        0.43481481481481477,
        1.0,
        0.44796296296296306,
        0.44796296296296295,
        0.4151851851851852
      ],
      [
        0.20185185185185187,
        0.16407407407407407,
        0.1774074074074074,
        0.17870370370370373,
        1.0,
        0.1933333333333333,
        0.18962962962962965
      ],
      [
        0.6425925925925926,
        0.5722222222222223,
        0.5366666666666666,
        0.5875925925925926,
        0.6485185185185185,
        1.0,
        0.6396296296296297
      ],
      [
        0.1409259259259259,
        0.10407407407407407,
        0.12074074074074076,
        0.10777777777777776,
        0.15740740740740738,
        0.16537037037037036,
        1.0
      ]
    ],
    "5": [
      [
        1.0,
        0.7327777777777778,
        0.7,
        0.7864814814814814,
        0.8116666666666666,
        0.7955555555555556,
        0.763888888888889
      ],
      [
        0.6322222222222221,
        1.0,
        0.6787037037037036,
        0.6666666666666666,
        0.579074074074074,
        0.5998148148148149,
        0.5474074074074073
      ],
      [
        0.3838888888888889,
        0.38111111111111107,
        1.0,
        0.3675925925925926,
        0.3614814814814815,
        0.3648148148148148,
        0.37703703703703706
      ],
      [
        0.5175925925925926,
        0.5538888888888889,
        0.5351851851851851,
        1.0,
        0.5092592592592592,
        0.5062962962962962,
        0.4485185185185185
      ],
      [
        0.35351851851851845,
        0.34203703703703703,
        0.3259259259259259,
        0.3314814814814815,
        1.0,
        0.36185185185185187,
        0.3359259259259259
      ],
      [
        0.8001851851851851,
        0.6912962962962963,
        0.6462962962962964,
        0.7312962962962963,
        0.8022222222222223,
        1.0,
        0.7814814814814814
      ],
      [
        0.22037037037037038,
        0.2064814814814815,
        0.20351851851851852,
        0.21462962962962961,
        0.25999999999999995,
        0.27166666666666667,
        1.0
      ]
    ],
    "10": [
      [
        1.0,
        0.7653703703703703,
        0.7094444444444444,
        0.8105555555555555,
        0.8531481481481481,
        0.8211111111111111,
        0.801111111111111
      ],
      [
        0.6885185185185185,
        1.0,
        0.7501851851851852,
        0.7587037037037038,
        0.6535185185185185,
        0.6518518518518518,
        0.5975925925925926
      ],
      [
        0.4172222222222222,
        0.44055555555555553,
        1.0,
        0.4437037037037037,
        0.4266666666666667,
        0.4205555555555555,
        0.37833333333333335
      ],
      [
        0.5901851851851851,
        0.6470370370370371,
        0.6159259259259259,
        1.0,
        0.5601851851851851,
        0.5474074074074075,
        0.5031481481481482
      ],
      [
        0.4348148148148149,
        0.39425925925925925,
        0.42055555555555557,
        0.41833333333333333,
        1.0,
        0.43518518518518523,
        0.42981481481481487
      ],
      [
        0.8357407407407406,
        0.7103703703703703,
        0.6544444444444445,
        0.7585185185185185,
        0.8483333333333334,
        1.0,
        0.8248148148148148
      ],
      [
        0.3327777777777778,
        0.2711111111111111,
        0.2674074074074074,
        0.3140740740740741,
        0.3516666666666667,
        0.3744444444444444,
        1.0
      ]
    ],
    "full": [
      [
        1.0,
        0.7777777777777778,
        0.7222222222222222,
        0.8333333333333334,
        0.9444444444444445,
        0.8888888888888888,
        0.8888888888888888
      ],
      [
        0.7777777777777778,
        1.0,
        0.9444444444444445,
        0.9444444444444445,
        0.7222222222222222,
        0.7777777777777778,
        0.6666666666666666
      ],
      [
        0.7222222222222222,
        0.9444444444444445,
        1.0,
        0.8888888888888888,
        0.6666666666666666,
        0.7222222222222222,
        0.611111111111111
      ],
      [
        0.8333333333333334,
        0.9444444444444445,
        0.8888888888888888,
        1.0,
        0.7777777777777778,
        0.8333333333333334,
        0.7222222222222222
      ],
      [
        0.9444444444444445,
        0.7222222222222222,
        0.6666666666666666,
        0.7777777777777778,
        1.0,
        0.9444444444444445,
        0.9444444444444445
      ],
      [
        0.8888888888888888,
        0.7777777777777778,
        0.7222222222222222,
        0.8333333333333334,
        0.9444444444444445,
        1.0,
        0.8888888888888888
      ],
      [
        0.8888888888888888,
        0.6666666666666666,
        0.611111111111111,
        0.7222222222222222,
        0.9444444444444445,
        0.8888888888888888,
        1.0
      ]
    ]
  },